Argument,Label
a0,in
a1,out
a10,out
a100,out
a101,in
a102,in
a103,out
a104,in
a105,out
a106,out
a107,out
a108,out
a109,out
a11,out
a110,in
a111,in
a112,out
a113,out
a114,out
a115,out
a116,in
a117,out
a118,out
a119,in
a12,out
a120,in
a121,out
a122,in
a123,out
a124,out
a125,out
a126,out
a127,out
a128,out
a129,out
a13,in
a130,out
a131,in
a132,out
a133,out
a134,in
a135,out
a136,out
a137,out
a138,out
a139,out
a14,in
a140,out
a141,out
a142,in
a143,out
a144,out
a145,in
a146,out
a147,out
a148,out
a149,in
a15,out
a150,out
a151,in
a152,in
a153,out
a154,in
a155,out
a156,out
a157,out
a158,out
a159,in
a16,out
a160,out
a161,out
a162,out
a163,out
a164,out
a165,in
a166,out
a167,out
a168,out
a169,out
a17,out
a18,in
a19,in
a2,out
a20,out
a21,out
a22,in
a23,out
a24,out
a25,out
a26,out
a27,in
a28,out
a29,out
a3,out
a30,out
a31,out
a32,out
a33,in
a34,out
a35,in
a36,out
a37,out
a38,in
a39,out
a4,out
a40,out
a41,out
a42,out
a43,out
a44,in
a45,out
a46,in
a47,out
a48,out
a49,out
a5,in
a50,out
a51,in
a52,out
a53,out
a54,out
a55,out
a56,in
a57,out
a58,out
a59,out
a6,out
a60,out
a61,in
a62,in
a63,out
a64,out
a65,out
a66,out
a67,in
a68,out
a69,out
a7,out
a70,out
a71,out
a72,out
a73,in
a74,out
a75,out
a76,out
a77,out
a78,out
a79,in
a8,out
a80,in
a81,out
a82,out
a83,in
a84,out
a85,out
a86,out
a87,in
a88,out
a89,out
a9,in
a90,out
a91,out
a92,in
a93,out
a94,out
a95,in
a96,out
a97,in
a98,out
a99,out
